id,tax_year,municipality,tax_rate
000dd4c3-0b8a-4397-8c1a-ea65928af961,2025,Heby,34.21
00211d6f-e8b3-417c-b8ba-998d8402df89,2025,Arvika,34.03
008a570e-8b64-42b0-9c16-ea9e7676611c,2024,Ale,33.35
00989ca8-2c00-4e6f-9c30-1aca31394298,2025,Bodens,33.94
00b43999-d48f-4467-8be5-f7e0c5f077bb,2023,Ovanåkers,33.37
00da349f-67d9-453e-ad98-7185c0854be7,2025,Vallentuna,31.28
00f99723-b8c6-4d0c-9bac-d39f7fb5c886,2023,Arvidsjaurs,34.14
01151ea5-d265-426a-980f-93f09c654045,2023,Kumla,33.15
015c0724-bc69-4d46-a4c2-5c0fec47ab4b,2023,Borlänge,34.05
01900e78-2868-4f61-be8e-de80f9b83d01,2024,Nora,34.55
019e0b29-c836-4b96-851b-927cfd417ec9,2025,Skurups,31.6
01b7088f-df1f-436b-abe9-55787131c950,2023,Grästorps,33.47
01cc711d-32a4-4819-ab32-ea7bc2074f38,2024,Tranemo,32.98
01f2811f-9998-4a5e-96ef-df60080d5529,2025,Borlänge,34.4
0233df9c-3cc2-49d5-b9b8-42870a380e01,2023,Nora,33.8
02d37ad3-a86c-4096-a6b7-16d51bf622ff,2024,Piteå,33.59
03024ef4-dd48-441d-bec0-b6f7086b3dc8,2023,Mariestads,32.74
03a7411f-67fa-46d0-8662-430cc80e1564,2024,Skövde,33.09
03e48698-e4bc-447f-b417-889ac45715c9,2024,Alingsås,32.84
042cd0d4-5f98-40a9-80ed-94c8df58a1a1,2025,Botkyrka,32.43
0447815d-52e8-410a-8e7d-0b6426a292b1,2025,Lomma,30.82
048b4bcf-af4c-4451-8243-90d054d17179,2023,Botkyrka,32.23
050ca911-2b5a-4d7c-9f75-6d000b2246de,2025,Svedala,31.42
05246774-0427-47c7-9e8d-fe18ad1df6bd,2025,Bräcke,35.09
06d7c966-b967-43eb-9f78-11795d2fc54a,2024,Sjöbo,32.1
08781eaf-1b7c-404f-9016-6648cae01b68,2023,Hjo,33.48
08809c8f-f609-4af9-8c3f-cc75ac42d3da,2023,Munkfors,33.7
0881697e-29d2-43de-ba33-65840b074e31,2024,Eslövs,31.72
08bea36e-c804-4d0c-bb79-b32ee86e73dd,2023,Ystad,31.29
08f0980b-84f7-447a-99e0-69ef0975fb42,2023,Robertsfors,34.5
08fca963-ebf5-4356-86ab-a2f67a417f95,2025,Ulricehamns,32.53
09a0ca93-3c7d-4433-8da5-4ffb27b72dc8,2025,Kungälvs,32.92
09d8978e-2279-41c4-8135-f764ef09cc66,2024,Båstads,31.41
0a05073a-1d33-4958-b981-bc51ca001f45,2024,Hammarö,34.6
0a0c384a-86ca-4f1e-886c-638a3243a4ad,2024,Härjedalens,34.17
0a0e1ea2-9292-441c-9347-6faea710ea65,2025,Luleå,33.84
0a26c961-7983-423b-9bfa-a77007ca34f2,2025,Habo,33.93
0a54c97b-5584-4587-b713-48a9d1868407,2023,Köpings,33.04
0a63f05d-ed04-4fcb-844e-3b7d2845a317,2023,Gnosjö,34.0
0a6e7c79-02d5-418b-b334-c2aafffdc805,2024,Lidköpings,32.74
0a7e54cb-7617-4d6c-88f1-b802bd4d9b26,2025,Bollnäs,33.37
0af415c0-fe4d-46a3-893c-4a2ea313bb5a,2024,Vetlanda,33.77
0b03f61f-747f-46c2-a9b8-3c12d9d803ab,2025,Bergs,34.22
0b2ea77d-2174-4a25-be86-5228c0b9838e,2025,Linköpings,31.75
0b4b422a-755e-4a5d-93fc-bff780f8a84e,2025,Östhammars,33.35
0becca79-1ac7-4f57-848b-9e6180b29628,2025,Västerviks,33.02
0bf21eff-e6f5-45e5-aecc-ce218fc51e51,2025,Storumans,34.45
0c37cb9d-cfe6-4b8d-810c-446d37d3ccf7,2023,Mönsterås,34.07
0c3b6aef-1de8-4283-b86b-0d8e698610fe,2024,Skurups,31.6
0c42d5e4-4bf7-42fd-a3d8-40fec538bdd4,2023,Ulricehamns,32.53
0c468c36-02ac-4373-9b9f-e394939075db,2023,Mora,33.97
0c9cd2f6-9099-4255-b8f5-66eba4710498,2024,Höörs,32.93
0ca24918-01bc-415e-b838-92bda17f6d12,2023,Tranås,33.77
0cc91701-6ead-4114-8413-a819ccc9f23d,2025,Tranås,33.77
0d15e52a-a93a-40af-bfcb-ed302bed71ab,2025,Alvesta,33.42
0d1a837c-2a9a-4217-9b68-0822672218db,2025,Ragunda,34.92
0dca1ae6-5f62-4658-98ea-f07fba1c4193,2023,Olofströms,33.75
0e022558-910a-40b0-8ddd-45c84744c0e5,2023,Askersunds,33.4
0e6d42d7-40bd-4875-9e0d-e529c20a7564,2025,Partille,31.39
0e7261dd-4d7f-4ed4-a927-9dfc687023d3,2025,Öckerö,33.04
0ef49b86-f87a-49f1-b511-ab54a0426a64,2024,Melleruds,34.08
0f0e4470-3a26-4f38-b62d-fc13b6529c88,2024,Kungälvs,32.92
0f35cf14-1103-48c1-8335-2703fe47ce5d,2023,Höörs,32.93
0f521cc1-57af-40d6-abaf-71e32da9f669,2023,Karlstads,32.95
0f5df5db-2e96-46bc-9304-242143f91845,2023,Ockelbo,34.27
0f90fc51-b558-476e-904d-4adbf0d38c44,2025,Arboga,33.29
0f9b9829-e2bc-462b-bedb-5610b7121801,2025,Ronneby,33.68
0fb351d0-c1c4-4ed5-ab3b-37fbc765744f,2024,Herrljunga,33.42
0fc5c786-27f0-4d60-9b39-330254b21c0c,2023,Vaxholms,31.38
10665cbd-cb80-492e-a565-3fd5587f8e0f,2024,Norsjö,34.7
11301373-014c-4576-9878-6997bc9c09ed,2024,Munkedals,34.86
11a08571-158c-4c91-8e2a-354386117cea,2025,Härjedalens,34.17
11ca623d-9fa4-4451-b5d6-de8bf1a7b72e,2023,Ronneby,33.85
11e97a19-c029-4758-8736-26207849e2d9,2025,Bengtsfors,34.4
1229806f-743b-469f-893d-1d530ffa0652,2024,Lycksele,34.4
125ee314-76e3-4024-b657-8f2763701e9a,2024,Lidingö,30.22
12649a3e-4bc4-41e1-ab6e-01ece6b643bd,2025,Kristianstads,32.64
12881bf2-159d-4b3d-9178-0b73d8ea3190,2024,Kävlinge,29.69
12b8a795-e902-4895-81d2-16feafe17ac9,2023,Kils,33.55
133b7ef2-cc4b-49eb-8b23-d50aefa27228,2023,Sotenäs,33.47
139d390f-a5f5-488d-ae82-96af0b4c6cdf,2025,Essunga,33.05
14a8426f-8a58-4d18-8590-ab52af44402a,2025,Nora,34.55
1505ac4d-d45b-4d66-8e8b-2e05ba2b661c,2025,Örebro,33.65
156b487d-a5ea-489c-9cf1-f308ac37391e,2024,Mjölby,33.45
15949632-5e66-44da-a848-589494d8e9db,2023,Partille,31.44
160e6b9b-52fa-453f-9120-50ac9b39835d,2025,Gnosjö,34.0
16f2036a-8c48-45d2-9c06-66a0839447b0,2024,Dals-Eds,34.69
172b533a-88e7-40d5-8294-08614d56edbc,2023,Karlskrona,33.69
175f367b-b9ee-4b89-aeb0-7595314bdd5e,2025,Burlövs,31.27
17749a46-08df-4756-9c40-e31406ed1745,2023,Bollnäs,33.37
17c1b1d2-47f8-4df8-8266-9b783157ac8a,2023,Melleruds,34.08
17c66643-75d0-4769-a425-12552301a75c,2023,Skellefteå,33.95
1809c3ed-2857-499b-8f92-62684cec424f,2024,Åre,33.92
1816c2e6-b9a3-4f06-8803-41c28ab9a319,2024,Säffle,33.2
182890b0-da1f-4f49-bee4-75c948e709f6,2024,Katrineholms,32.95
187cd4ba-6ac6-42c9-8e36-0a05ef72dc77,2024,Vänersborgs,33.69
1897b6d8-373e-44ad-b861-4dc63a34eae2,2023,Högsby,34.07
18a00e47-a407-4e56-938b-083ffbdf47f0,2025,Norsjö,34.7
18ab46f1-20b6-46f1-90f0-0a5a3ea284ec,2024,Haparanda,33.84
18f0a438-a536-4a96-a218-03d8462c1a65,2024,Gnosjö,34.0
191d04c1-7022-41aa-b064-9a2168c63be0,2024,Bjuvs,32.17
1963ee0f-7694-498c-868f-7ba8df41ae1b,2023,Vimmerby,34.22
1976667c-ec5c-4ba3-a5b1-546cbc04497c,2023,Bengtsfors,34.4
199079f6-3183-4456-8676-2b15955fb8ac,2024,Falu,33.7
19f017d8-cddd-43c4-a871-077f6b310372,2025,Åsele,34.95
1a97d10a-bf5c-42d3-8415-052aa9430790,2023,Kiruna,34.39
1ab0bd69-3401-47eb-8ead-045d28c25cce,2024,Munkfors,33.7
1ab2a798-70e2-467f-aa1b-bd3044ca85a8,2025,Hofors,34.37
1ad0a628-9d9a-4b8e-8b6d-663108b52751,2025,Surahammars,33.19
1bb30d1d-853f-42d5-8606-d703c3953ee9,2023,Danderyds,30.43
1c7a520b-d859-45bf-878a-861c0282951b,2024,Älvkarleby,34.4
1cb8ce73-68ba-4baf-ab47-a62868d81d49,2023,Färgelanda,34.39
1cd4eb2b-7258-443d-8fa7-fdd28324d375,2024,Täby,29.93
1cd68460-9c5b-4fc9-9dbf-6551a6f284c7,2025,Danderyds,30.63
1d2162aa-563e-43cd-83c9-c45e3e208ef9,2024,Järfälla,31.62
1db9e6cf-c9fa-45a3-9c59-ec8663dc04b0,2023,Gullspångs,33.97
1e97912f-9615-415b-aab4-9e696eb98412,2024,Malung-Sälens,34.2
1eb8e7d3-6c73-4e21-9aa6-f12285972ab1,2024,Kils,34.03
1f101f1a-ac3a-4a03-a310-8948139d6945,2025,Bjuvs,32.17
1f37dee4-1fa0-4f17-8bb0-fd9208db5f71,2024,Karlshamns,34.27
1f6f573b-6b85-4c9e-b671-4ea1ac1113cb,2024,Falkenbergs,32.5
20d9b38e-ca8b-45ea-9042-acad75526ef6,2025,Falkenbergs,32.5
20ec3939-f95f-43b8-867d-14a8556f4c49,2024,Strängnäs,32.5
20fe92e6-9b07-4f39-b185-15f174dfc5f3,2023,Överkalix,34.14
211679af-f430-436e-85f2-951c018f2cb1,2025,Norbergs,33.54
211aae52-5441-425d-a4e7-e51c7d0050ff,2023,Hultsfreds,33.77
21273c94-8dce-4fe2-9a14-1ab63307398c,2023,Surahammars,33.19
2137b0c2-2936-4361-9a1e-3dc5f4781623,2023,Rättviks,33.45
21d3dc29-31a0-4cdd-9b43-90d44269e50e,2023,Lerums,32.13
21d9efcc-0cb6-4a97-a73d-8a106eac390d,2024,Gnesta,32.95
221eaa9e-5156-48a5-b7b0-c411222ddc13,2024,Grästorps,33.47
22246dd7-43df-41a6-83fb-2aca957e59d6,2023,Staffanstorps,30.27
228d161f-2975-47e5-8aa6-80df885b0b66,2024,Hudiksvalls,33.12
22b452e0-39a0-45df-aa44-50a0afdd6363,2023,Åsele,34.95
23a6cfce-9775-4bb0-8f09-067471e4262a,2024,Ragunda,34.92
23e687e1-729f-40a9-8302-d2988600fa3a,2024,Degerfors,35.3
23fa3895-69ed-4aac-89eb-68dc70fd639d,2023,Tanums,33.04
2400caa8-0ea7-49e6-932b-f345eabf64f3,2023,Lunds,32.42
240f9c93-4e21-4ab9-bbd4-4d0654e9acad,2025,Malmö,32.42
244f5b43-2e37-413c-807e-6bb23384304f,2024,Skinnskattebergs,33.34
2454b00c-d998-4bfc-92ac-95a5710ed4a0,2025,Hudiksvalls,33.12
245740af-d518-412e-9323-c04c55e88dd6,2024,Krokoms,33.87
24998dc6-048e-49ca-82ef-8660adc27507,2023,Nyköpings,32.25
25720a5d-db84-4cc8-9bdf-7000afe7c397,2023,Osby,33.44
2615742d-a58f-4b55-9118-8f17df8c1fb1,2023,Söderköpings,32.73
262b5604-9ca3-4750-9e67-6064a68b3862,2023,Värnamo,33.28
26688f6f-af3c-49ee-bf97-768a24632611,2023,Strängnäs,32.5
2686eb07-8a86-463f-845a-88da648cf26b,2023,Sundbybergs,31.33
26ebfc68-8099-4350-9f6e-8e2d9b6fc048,2024,Karlskrona,33.69
2737408a-6f16-4d02-a6df-82b0721ad99d,2024,Skara,33.38
27f7df67-f0d8-409c-a5cb-bea0a535c07e,2023,Östra Göinge,32.17
2812b063-d583-4730-a206-031d8365ebd1,2025,Melleruds,34.08
288e8d98-349a-497e-afa1-6a4605f04773,2024,Ljusnarsbergs,33.8
28b6d985-ea7e-48d1-986b-32d5d3b9e373,2024,Malå,34.7
2933311b-b563-4c11-b185-7c60f0de565d,2024,Gullspångs,33.97
29ab514b-b0f7-483e-8394-266ca5b02fc2,2024,Hässleholms,32.38
29cf0bff-4e88-4378-96c0-c476ad3225c6,2024,Västerviks,33.02
2a0d466e-3b14-436f-8e6a-70940aae8bbd,2023,Växjö,32.19
2a6a23a4-35bd-4648-b7f3-1e84cfd468f2,2024,Nacka,30.26
2a76db7b-bb09-4e90-adb2-71641c9634e6,2023,Svedala,31.42
2a7e8f73-f67f-4c19-9a40-156290e9fdaa,2024,Trelleborgs,31.58
2ab23a70-67d8-4f74-8315-edb1b4061e81,2024,Trollhättans,33.84
2ad470d7-b7b1-4649-b377-703ec1493e41,2024,Strömstads,33.39
2b064741-e186-4bf4-a1ce-4ac49cf21158,2024,Håbo,33.3
2b38f2bd-4c05-4312-aea9-cb165a410e88,2024,Bollnäs,33.37
2b5f5abb-a512-44c7-99b5-71ad8c01f04c,2025,Trelleborgs,31.58
2b7a6fab-2169-41bb-9033-ccc59774e7d0,2023,Knivsta,32.62
2bea86f3-9c85-4f57-a5a9-231331dc6a56,2023,Upplands-Bro,31.48
2c58908d-7110-4c9d-a89b-c9008a9cb932,2023,Bollebygds,33.07
2c8c9ae4-8946-4667-8461-926c6ac0367f,2025,Munkfors,34.3
2c96c1a3-9e5e-4fe4-bf05-6846c236a175,2025,Kiruna,34.39
2cb1e827-7f12-4315-bece-57409376ff2a,2025,Hallsbergs,33.85
2cf65b11-616d-4d94-99af-4a11fce541b7,2024,Burlövs,31.27
2db782d1-1029-448b-8a80-3aaf11381ef3,2024,Kiruna,34.39
2e0d229b-fd1b-48ad-8864-1b8f2097247d,2024,Pajala,34.74
2f12071c-fd43-4def-8020-064bdec46a8b,2024,Storumans,34.45
306ed79e-0bb0-4bac-97bf-3b44f290cbe2,2024,Sölvesborgs,33.86
306f03ac-2c86-4556-8680-ef99ba943963,2023,Lysekils,33.94
30a41563-b0cf-4b68-851d-25ca41076b45,2025,Robertsfors,34.5
30b88246-9465-4592-9e50-d73e479405ab,2025,Bromölla,33.74
30cb1f1c-0d51-41b1-843e-90adfa30787b,2024,Härryda,31.98
310b78d3-8b68-48a3-944f-a66a01974087,2025,Knivsta,32.62
3125e368-c371-40d9-aa46-5ddf5f226083,2024,Timrå,34.48
31692d99-b590-41dc-8f80-e308e209fa6b,2024,Hjo,33.48
31b871b2-16f5-4583-8492-86da7f9bdab8,2023,Söderhamns,33.17
32841493-fb8e-40e3-a1b0-944a273c9766,2023,Sollefteå,34.68
33335e2e-6d63-497f-bd00-5cc4fef47b6b,2023,Vara,33.85
335c3585-97ef-4daf-be38-64236ef0c18e,2023,Sorsele,34.95
33671a2c-1c8d-42c7-b974-a23eca20417d,2025,Åmåls,33.94
336cbe4a-dc15-4ab5-b10c-ab213f781a24,2024,Kristinehamns,33.65
33709837-4eb4-49e0-a2d6-038a7e2f25dd,2025,Vaggeryds,33.25
33857afe-7807-40e6-897b-d5897366c56f,2023,Aneby,33.85
338f1206-7203-4eb9-9455-e74cb1658383,2023,Tranemo,32.98
34131a4d-18a3-4fec-b8d1-2c65dfa27e14,2025,Kalmar,33.67
34609bf2-3355-4996-bda8-2ea194cc5afa,2023,Hörby,32.26
357ebb04-8b27-4696-a2e1-7f1cb7c7b7d0,2023,Tibro,33.19
359e97b5-fa16-439f-934f-2e4a9a87196a,2023,Vellinge,29.68
35d9302d-fa64-4d0c-bed3-2033ea15cc32,2023,Torsås,33.29
363b711d-015c-46b5-91a8-26cdae369417,2025,Motala,33.25
36978565-7ee8-4a8b-92c7-fedcec70d4d4,2025,Nordanstigs,34.02
36f268cb-0dc7-4319-96ca-2d904e44b032,2025,Svalövs,31.92
3794448a-8149-40f0-be78-c61a55602ce3,2025,Aneby,33.85
37db9560-b7db-4842-b7c1-038f316496f9,2024,Klippans,31.93
382e99d4-638b-452f-96c7-ad752c934d80,2025,Gislaveds,33.75
3849934b-d45a-4232-9e83-8e1d15542a3f,2023,Forshaga,33.55
387a4866-6fc8-4895-b004-ccfd1e522d8f,2025,Varbergs,31.73
39078c12-131a-4069-9ec3-dae2f2a4359c,2023,Lilla-Edets,33.85
39133d93-a304-40e5-9345-69531324a825,2024,Vilhelmina,34.75
391a5400-b25e-495b-a958-80cb6c6da229,2024,Ystad,31.29
393cd047-7876-4747-89a6-e02143fc728c,2025,Nynäshamns,32.23
394f3d01-55f5-454e-9979-f219b1bc2aaa,2023,Karlshamns,34.37
3964412d-5ada-44b1-8238-02cab013ad77,2025,Katrineholms,32.95
3985a3f9-01cb-4b96-a4b4-3aba3f63f4aa,2024,Finspångs,33.7
39885d35-2027-4ee7-acdf-154309357f67,2024,Surahammars,33.19
399be4b3-e20f-4c14-b4ce-ca2c31a7ffd2,2023,Bjurholms,34.5
3a4cb64b-1caf-46d5-af02-a16388df04a1,2024,Tomelilla,31.79
3a6ed170-5ed3-4a1a-a2c6-357e857ae976,2024,Tibro,33.19
3a8652ab-23a1-4e6e-9d33-4058295d1ecc,2023,Nordmalings,34.6
3af14f26-68e0-4d2a-a539-b07945f550cb,2023,Finspångs,33.7
3af844ab-71c0-4bff-902e-990a06ae4f66,2024,Karlsborgs,32.8
3bf43d50-ec01-4dab-a627-13e7f3c32588,2023,Orsa,33.95
3bff1c0d-83ae-4617-a010-571c7717a7b4,2023,Vårgårda,33.09
3c932679-ff65-41bb-8ea5-79a71b419e4e,2025,Lindesbergs,34.6
3ca38597-796b-42ae-a179-b2e36b6c29a7,2024,Lindesbergs,34.6
3ccf0199-a3f6-4cad-b422-8fa65871aaf8,2025,Umeå,34.15
3d054f53-02e1-4db2-8b07-c572d0aa28a6,2024,Ekerö,31.6
3d087f89-6cc7-4b5c-9a94-0746c0b941fa,2023,Vaggeryds,33.25
3d66841b-39f1-4d8a-bb61-af7e7572677f,2024,Gotlands,33.6
3df6e99d-97ed-4085-bb5b-7e27cd9c850e,2023,Ljusdals,33.87
3e614be8-b16e-4fb9-a70f-ad32f353fdd1,2024,Årjängs,33.65
3ed5e220-a53d-4e81-915a-11e08520dfb7,2024,Arvika,33.43
3eecc227-2f44-456a-91c6-156b38aa5daf,2023,Lycksele,34.4
3efb4c30-7111-4c0b-bf77-43550162ae49,2023,Tingsryds,34.0
3f022724-53af-48af-8b76-56f6690180e8,2025,Herrljunga,33.42
3f06f354-64ef-4be7-9925-eefb03762216,2023,Halmstads,32.38
3f1207ae-4486-4345-8952-8b5d4576338d,2024,Sollentuna,30.5
3f338b87-1a30-430c-a8bf-40102dd29538,2025,Höganäs,30.91
3f5c3ec8-e93e-4410-b980-5976b69bf227,2024,Tranås,33.77
3fa118a9-ff1e-47f5-9efd-f0fb8333a463,2023,Ödeshögs,34.15
3ff48666-9a44-42d0-85cc-b9d57d713beb,2025,Leksands,33.8
4016a4ed-da51-4779-8ccd-5698058c1e9c,2024,Bjurholms,34.5
40dbbaa6-dbb1-4cc2-9760-4ae7af674e42,2025,Lycksele,34.4
4102c3c2-0510-40cd-b3ed-5bb3b44660a7,2023,Jokkmokks,34.29
411e50d6-02d2-4d94-80ab-a06fbe2f78a8,2023,Storfors,34.38
41673648-948c-42a8-a22b-a63052258365,2025,Trosa,32.13
416b1e6f-38b6-4cf1-94e7-804c611bbd52,2023,Kinda,33.0
41944583-29a4-4f31-8d9a-5fda2a4db485,2023,Hammarö,34.6
41c85548-1501-47d3-94c0-d520006e1f71,2023,Mullsjö,34.1
4204a4ba-f99a-44ec-83b0-1a58bcf8672b,2024,Ånge,34.62
42312678-374d-4684-9909-8a3cac03a5c5,2023,Gagnefs,33.92
42620f1e-398f-4124-9708-2558e1c8d2c8,2025,Kungsörs,32.91
43dbd2d2-d760-4b84-9b93-212e286ff32d,2023,Åre,33.92
43fd2f2f-fe24-4706-a74a-790953cffd64,2023,Sunne,33.35
44177b09-cf7d-4523-b3b2-ff3cca4e6463,2024,Markaryds,33.31
44b0be44-1b0b-4bb8-ae19-9a696768182e,2025,Lessebo,33.81
451bb3b1-8f15-4883-b0a0-891ea08cb2a4,2023,Nässjö,34.3
451dc94a-777d-4fe2-b3fe-8130ed7623b8,2024,Nynäshamns,32.23
454fd4a9-384b-4836-85da-65ad05cd9f74,2025,Sorsele,34.95
462aeabb-9448-4b15-84e6-7db1aa477229,2023,Vilhelmina,34.75
46672ad1-a4e2-4b66-967b-7cb5e84df901,2024,Lekebergs,34.73
469486d4-3650-4c8e-af9a-e3eee6f3c983,2025,Lerums,32.13
469bbc5e-2ed3-4941-b2ab-a77449487d5d,2024,Kramfors,34.43
4709b7d0-4864-43da-88e1-ce3e02af8ad6,2023,Marks,32.99
47ac529c-9631-40a4-a4b1-c5f62d0bb13b,2025,Sala,33.19
47af199d-a16d-4cae-ae69-fc490d5f4fe1,2023,Norrköpings,33.3
4828a739-592d-4e88-b034-94a5bca13c05,2024,Valdemarsviks,34.03
487088c8-9ef1-4c07-aaa0-0da40597d7e3,2025,Göteborgs,32.6
487b2358-536c-444e-91f8-dc7d908bc3a7,2025,Österåkers,28.98
48898c44-b1a8-45e9-a038-17e39bab7048,2025,Ockelbo,34.27
492f8bba-7799-43e3-a2a7-704f3b44ca97,2024,Hultsfreds,33.77
4968d877-1d5a-4e04-a1b8-965701a31b90,2025,Ljusdals,33.87
49730e10-f140-4953-91d3-5acbf7b62fca,2024,Gagnefs,33.92
49966e58-3c73-4060-82b3-015ad13d8237,2024,Torsås,33.79
49c23a73-136e-48e6-bbe8-7c4d54625cd4,2025,Mariestads,32.74
4a44651f-79f8-493d-a6cc-b8644a18e780,2025,Kungsbacka,32.73
4a7a6bc2-bfcc-47fa-9c53-1756984ecde1,2024,Vaxholms,31.68
4a7ee0b0-b1b8-4420-a0ac-878137732615,2025,Mjölby,33.45
4ab33bb9-2f8b-476d-83ee-642456d199ee,2024,Högsby,34.07
4aca93ff-63cb-410e-bd9c-86cb9dbaada7,2023,Sävsjö,33.68
4c0beecb-3954-45d0-8558-cfa41f265a51,2025,Östersunds,33.72
4ccda057-caef-4f0e-b44e-e60c8d496109,2025,Timrå,34.48
4cdd242e-f0c5-4752-be44-789e191e0fee,2025,Norrköpings,33.3
4d23d699-aca2-472f-b2d5-b48da8a14d81,2025,Forshaga,34.63
4d7ffefc-cccb-465b-9f4c-7f0afff17e1c,2025,Enköpings,33.05
4dd5921c-22a1-4504-ad10-b6dacdf4d471,2025,Grästorps,33.47
4de7e574-d2de-4496-8dda-7c17bd0c7e17,2024,Halmstads,32.38
4e5c0f7f-7724-48a5-9053-a0b5af0d0df9,2024,Sävsjö,33.68
4ea61265-fbe9-4d5d-81f0-2eb56da49b0b,2023,Täby,29.63
4ee1c2d7-9596-49d2-a5c7-5c5785664747,2024,Borås,32.79
4f300022-75fa-4c12-83d8-4bde4e15de18,2024,Svalövs,31.92
4f6605b6-7f03-4d1a-9a7f-985a6ced3f74,2023,Gislaveds,33.75
4f6e7728-b938-4537-967e-7d1f1b90caf6,2023,Örnsköldsviks,34.0
4fb687a5-6891-4c9c-b4b5-8ae2a2b9304e,2025,Landskrona,31.42
4fce4a3c-4cd4-41e4-a6ca-ff2ebbff91f1,2023,Örkelljunga,30.24
4fd7d53a-9a2f-4dad-8a21-8aebc6cb5233,2025,Götene,33.6
5002e81e-0b97-432e-b804-739493544fb6,2023,Sölvesborgs,33.86
50607881-9ce9-4b1e-bf22-4fd8bcac7623,2025,Skara,33.38
509dc9ae-4c37-4c6d-8db1-44f5d6036d40,2025,Pajala,34.74
50c600d5-db9b-4be7-8b3f-4090c21e7968,2023,Gällivare,33.89
5172f61a-e4ac-4365-a5a3-1b15f1a251d3,2025,Köpings,33.04
519c2b6f-8de6-43e5-8201-df5e119e6c10,2024,Kungsörs,32.91
52558415-0353-4a06-97c6-fff8afb02ef5,2025,Värnamo,33.28
5310fcf8-4852-463c-8bdf-e1016907d08a,2025,Kils,34.63
53df78f9-745b-4026-9ed0-22b9eb33b046,2023,Arjeplogs,34.84
54170ceb-062d-4e30-95c7-03d1574aaf8d,2025,Tjörns,33.19
54b3ed20-a06c-45d2-8d80-19a410c95e74,2024,Norbergs,33.54
55a5afc0-ff72-4784-8a91-c1a4b005af03,2023,Härryda,31.98
55c33f6a-f932-45ed-8fbd-48549d5c14ca,2024,Ängelholms,31.47
55cc325f-9c2b-4152-82ee-055c01a0578c,2025,Tibro,33.19
55f7dd55-6357-4e5e-8ecf-a96d414b8313,2025,Eda,34.55
56010eb7-050c-44df-81f7-37fa20bbd4c7,2024,Tierps,33.0
5639d4cf-d176-4b67-a84f-897156b7d966,2025,Uppsala,32.85
56a6085c-5cd6-4cc5-9054-ad84b654551d,2025,Stenungsunds,33.12
56fc307c-3d76-4898-8c90-fbc6000a9297,2023,Göteborgs,32.6
57170b40-c6c5-45cd-b545-0c020ddafc00,2024,Linköpings,31.75
57711e82-0418-46a1-87aa-3fb02c0b4363,2024,Östhammars,33.4
58cdd736-ac0f-4df3-83af-5c31b8bbb371,2025,Vårgårda,33.09
58dcc647-42ed-43d5-af52-92f329ae2150,2025,Ekerö,31.6
593caefe-b1ce-4ec3-ae37-dda4a7b58264,2023,Skövde,33.09
59fefc94-069a-45c1-bc1c-521e23dd6a2c,2025,Stockholms,30.6
5a13a83f-79bb-4963-9759-72f08526549e,2023,Falköpings,33.43
5a90e6b5-cf87-4a0a-89b2-19019bfce07c,2023,Nybro,34.19
5ab12399-5c42-4ffe-8ab7-ff7f7151fb17,2023,Kungsörs,32.91
5b9c9feb-933b-4931-be1c-c8318554c2b2,2024,Orust,33.94
5bb4084d-e251-4411-96c4-86b34397cf4c,2024,Heby,34.21
5c5dfd2e-c328-46fa-bc48-a1ea86225af9,2023,Östhammars,33.4
5c71c554-ef73-4a3d-a47f-e6ff0d93a8dd,2024,Rättviks,33.45
5cc483e2-a46a-4525-bb6d-a866d6e8d67e,2024,Jokkmokks,34.29
5d3fff0d-2759-4e3f-a6ae-85ac70d79461,2025,Sundbybergs,31.63
5d694a3c-95c5-46d5-94be-e6841371c9d3,2023,Falkenbergs,32.5
5dd32183-d204-4f55-9c23-79ee3759c751,2024,Botkyrka,32.53
5e3c7792-4fa3-43aa-8e2f-06292b335a7f,2024,Ljungby,33.07
5f37fa9a-14a8-4ced-bce4-eef6de9fb135,2023,Hallstahammars,32.69
5f419702-44f1-4d71-a409-1925bccacee4,2025,Staffanstorps,30.27
5f734f88-1381-46f1-bc30-77523d4f12ff,2025,Orust,33.79
5f8caf1e-22ad-43a6-a07e-83e2f81e53a7,2024,Örebro,33.65
5fbde7d0-c7fb-46ab-a999-d3467a2676bb,2023,Enköpings,33.05
5fc3de77-4f5a-4840-a82a-346544fde4d3,2025,Strömsunds,34.92
602d0ca4-c920-47db-979c-1c703072619c,2023,Säffle,33.2
607ad815-ef84-40a4-a8e3-039fbfd0abb8,2025,Åtvidabergs,33.94
61253c08-8f1e-45a9-8b76-346f651b6209,2025,Solna,29.75
6128ff94-ca74-49c3-83f0-19da947fe20f,2025,Vännäs,34.7
6149d9e8-7eff-473a-9bfb-bf71a6c7a525,2023,Norbergs,33.54
616f634a-3909-4d3b-b87e-7660007d4b61,2023,Essunga,33.05
61b51170-4661-4d02-8490-02e617c611a1,2023,Nacka,30.06
61da4b02-0040-4956-95c4-7010cb930b8f,2025,Härnösands,34.63
6212963a-da33-494e-bc5a-b2524cea4748,2023,Boxholms,33.37
6213dc91-858e-4be2-86e4-9dc3e4478133,2023,Uddevalla,33.64
6225d5b0-eca3-400c-8372-ce2014e5a5cb,2024,Salems,32.05
6296c8c5-49c3-438c-b281-e327a2c08f3a,2025,Älvsbyns,33.79
629de564-a706-4654-91cb-39efaf9ecdc5,2023,Örebro,32.9
62e95cc0-f1c3-416b-87b5-7d905f2e153e,2025,Alingsås,32.84
62f230f8-0bc4-48fc-8152-79aa1ea7b12f,2025,Säffle,33.8
63153a35-8bea-4caa-94c5-a048e8c2f7e2,2023,Laholms,31.98
63538b44-6b56-48ca-9160-066b80962e14,2025,Kumla,33.84
639980f9-425c-4612-82d0-6d6bda24596a,2025,Lysekils,33.94
63e22137-0a3f-408c-b686-79034adb351c,2024,Olofströms,33.75
640dce87-807c-400e-ab6d-40d0e44d2fae,2025,Söderhamns,33.17
640e9a2a-877b-4e28-82dd-f7eb495068e6,2023,Härnösands,34.63
640feb6b-3310-4eb8-afad-91e337af90ac,2025,Finspångs,33.7
6552eabe-475b-47b9-93bf-315eab1c9877,2025,Hammarö,35.2
6576b036-9009-4332-a491-c295dfbee8cc,2024,Lessebo,33.81
657a1603-961a-4bf9-9cd8-d24dba8c707a,2023,Älmhults,33.86
65b9c18a-b677-49da-a773-fd7301ad00b9,2024,Vännäs,34.7
65c2a0b3-aa68-4133-9238-de916ca77b64,2024,Flens,33.1
65c34fd5-7a18-4697-ae62-ee3e845e4616,2023,Österåkers,28.98
665401e8-0221-42b1-bf60-f2fa09fb230e,2024,Mörbylånga,34.07
66684fa6-0c89-4854-b8d9-f648aa95b14b,2023,Säters,33.95
66795ae5-d622-4fc7-be30-0c404bc07ca9,2023,Kungälvs,32.92
668fb14a-622e-47d6-b2d7-9623f39fd33b,2024,Partille,31.44
66b56bc6-5e81-4f84-9e8d-386036b5ce4d,2024,Karlskoga,34.3
6763077e-837a-4d01-a2c4-796a94091654,2024,Kinda,33.0
681535e8-56df-4dc4-bcfb-f60fe950028b,2023,Hudiksvalls,33.12
688cb836-fd91-4b2f-9b7a-bbe4dff2cb15,2023,Västerviks,33.02
68e3bdc5-39b8-4f34-9096-eb987f5d44da,2025,Eksjö,34.02
694b862c-3f6e-40d5-856a-dae808643c10,2025,Örkelljunga,30.24
697266b1-d08c-4e09-8768-922cdfc5995f,2025,Eskilstuna,32.85
69cef933-fa1f-4af2-868a-4303b237801e,2023,Motala,33.25
6a070b47-9806-49d8-9748-f7fc1d40659d,2024,Sigtuna,32.38
6a5ea792-0c91-43c1-8740-ee062f30567e,2024,Ovanåkers,33.37
6a63f2fe-b925-4525-b87b-1862238b9483,2023,Oskarshamns,34.21
6b3b2298-28e9-44b8-b931-8c83d072f416,2024,Motala,33.25
6c160e72-e9bb-40c0-a468-075881948d7e,2023,Tidaholms,33.55
6c6ba408-ce60-4684-adbd-59260ebad488,2025,Karlskoga,34.3
6c6c473a-623c-45c6-9e5d-9ee2c9c05635,2024,Danderyds,30.63
6c8a35cb-9222-482f-95b9-9dc35896189f,2025,Torsås,33.79
6d91a12d-b213-4fe1-81e8-3246462cd840,2023,Umeå,34.15
6de0c07d-e813-444e-add7-77ed47a71e2e,2023,Kävlinge,29.69
6dfc4c1a-2c81-45c5-846d-705c0dc4aa9f,2024,Sala,33.19
6e81a06a-3212-4686-bc6f-97b212927c68,2024,Mariestads,32.74
6e8eea41-0c51-4280-ace1-99f6bc59bbd8,2025,Grums,34.78
6eb24a0d-8a18-45a0-87bf-5b7c933bb83f,2023,Skinnskattebergs,33.34
6eda0390-de65-4e0b-8d88-d4707acd1d15,2025,Vimmerby,34.22
6f5d7373-b44f-43fc-b672-79f88a69c1a2,2025,Malå,34.7
6fe90c34-34e6-4d3d-9c23-031e369a4a04,2024,Östersunds,33.72
700c26d6-31a8-44d9-8ab3-302a66627566,2023,Lessebo,33.81
7066ec61-a630-4149-ad7d-9f30ba62d273,2024,Växjö,32.19
7096fd96-c33a-47ba-b110-0359b67bbe1a,2023,Vadstena,34.35
70c6dd45-61fa-4a32-beb6-87542c4a7e2e,2023,Landskrona,31.42
710ad5a8-250b-4bb5-a9f6-53347a7b2ab5,2024,Mullsjö,34.1
71320613-c2c4-4677-a64d-ca0f0c517553,2024,Boxholms,33.37
716c9b6f-740d-4539-aa41-bad482c82010,2023,Hylte,32.85
7185006b-e091-46d5-acec-ce0bc46e9c96,2023,Jönköpings,33.4
71bed8b0-f9d1-4253-a8fd-be10f30cc9cb,2025,Ljungby,33.07
7294ceb6-8db1-496d-9599-1249979cc462,2024,Vadstena,34.35
72b2be2a-9642-418a-b8da-82f553951e83,2023,Västerås,31.24
73585a08-415a-43f4-94ec-f9d15c74a43c,2025,Mora,34.32
73dd0ae6-c417-4981-9cb3-80519398b1dc,2024,Robertsfors,34.5
73e3c317-8372-479e-a52b-6b23809f0713,2023,Haparanda,33.84
7422587d-a984-4557-98c3-b348f7bd60ff,2025,Tierps,33.0
7429053e-4c4c-4079-af27-80a6c9399c99,2023,Öckerö,33.04
748316fc-735a-481d-a0b6-f1981584130c,2025,Vänersborgs,33.69
74e2b6bb-c7b0-44de-855d-478b9196c13d,2024,Staffanstorps,30.27
74fb6069-550c-46b9-a79c-da746515eed5,2023,Sollentuna,30.2
75447ca5-5229-4844-a1a6-367276b676a9,2023,Kalix,33.89
7585bb18-3575-4bc3-9793-9784ea73bfaa,2024,Nordmalings,34.6
7679792f-8abf-47d0-b4d1-413b91aa4673,2025,Jokkmokks,34.29
7685ca02-50f6-4c1f-a4ef-f3196a45db45,2023,Ljungby,33.07
775788a8-fe09-46e6-88a3-cd39694e08ca,2024,Malmö,32.42
77d64c72-3614-4797-822e-f57018ae0c9f,2024,Borgholms,33.44
77e3fe33-fef9-4736-bbfd-589a7f4b64b7,2023,Årjängs,33.65
7893293d-d554-4f4a-ae39-9723506e8ab5,2024,Nykvarns,32.35
78c79c72-e653-4851-b568-9a17588bccf8,2025,Kristinehamns,34.25
79bc5698-b747-4964-8a76-8627c93601ec,2023,Håbo,32.8
79f52785-c22b-4f98-8a75-a27c90dee61e,2024,Sundsvalls,33.88
7a5bf6ee-cf71-4c1f-9ea5-0762e0c5bcd5,2023,Kristianstads,32.64
7a5cee89-bb50-4915-956a-c84f764493c6,2024,Simrishamns,31.69
7aa2324c-f5b9-4ea1-b947-3e3e4864cc35,2025,Uppvidinge,33.8
7afdb26e-3fbf-463b-9d29-f7f82209b41f,2023,Skara,32.98
7b783b0b-3870-43cc-9d6c-d3bcbcf25394,2024,Hörby,32.26
7bf848ea-76c9-4d15-8dbb-efebdb002e50,2024,Eksjö,34.02
7c35ece8-8d92-49ce-860b-97f750d4b7ec,2024,Mora,33.97
7c42ff43-8eb1-4111-889a-ade69bac45ac,2024,Ljusdals,33.87
7c46c138-b32c-4613-a7eb-d0bdda11f959,2023,Eskilstuna,32.85
7c4ee679-db45-4434-aec0-521415a14989,2025,Kinda,33.0
7ca1e097-d790-43c8-9004-12b89c63307a,2024,Borlänge,34.05
7cd9007c-4bd5-41ac-ba66-a02a0f66fd44,2025,Nykvarns,32.35
7d172fd0-c1de-473c-b2be-6e7e7b27807b,2024,Örkelljunga,30.24
7d20dade-ae91-46b9-8840-0c24207f5c6e,2023,Stockholms,29.82
7d2c2a39-350d-448b-adcd-1519367d266e,2023,Götene,33.6
7d38637b-39ef-4cf5-9be4-1683795fb6f1,2024,Sorsele,34.95
7d4ec070-70da-4a75-a7b8-2e95fe896d95,2025,Gotlands,33.6
7e43a68b-972c-4b72-830a-d36e22b1baa6,2023,Tyresö,31.58
7e485edc-d42b-4a5e-aee1-bcdacfc18033,2024,Övertorneå,33.09
7e4cbbb0-79d1-4b8d-a505-0fe3bed68b9b,2024,Lysekils,33.94
7e584430-60e1-4964-a513-b070759b3d6d,2025,Tomelilla,31.79
7edc4504-b74d-4ecf-88ef-0949a088b2ad,2024,Säters,33.96
7eea25e0-894b-4f5d-b331-973a0242fd6e,2025,Gagnefs,34.27
7f27d2f5-f2c7-487c-8ea3-622aba692d76,2025,Ludvika,34.05
7f549849-3792-458e-b6e8-2f55165f2754,2024,Storfors,34.38
7f5fb274-fa43-4c77-adca-dd1159fa8df9,2025,Skövde,33.09
7f673947-5756-4fa1-b4f0-8ee203372e5f,2024,Orsa,33.95
7ffc54bf-9339-43bf-93fa-bd32cee03190,2024,Bromölla,33.74
80269f30-29d4-4cd5-ae73-336630945879,2025,Tingsryds,34.0
804845a7-38a5-4b77-8100-9a66119c25ac,2024,Söderköpings,33.53
805ab297-e9f1-42d9-b256-9dd0abd5d723,2023,Orust,33.99
805ea43c-1df8-4c4e-b4c8-6c5245dd2870,2024,Åsele,34.95
806564ee-2bef-4688-9546-c9f17471aa95,2023,Bergs,34.22
80b051cd-672b-4fec-a449-3e11bae8bb7b,2025,Hedemora,34.15
8114597e-fb43-49b6-b1c5-a64fc59389cb,2025,Gällivare,33.89
81651f4e-58c5-4a80-aa4a-3dc1135a4185,2025,Haparanda,33.84
82651285-8d71-48df-97de-6c61a9b24bf6,2024,Strömsunds,34.92
837ba7a4-24b2-4657-9fa8-bd566640d169,2024,Uppsala,32.85
83889a5f-5d46-4bf5-8504-97ef593dbe09,2024,Bengtsfors,34.4
83cb0a4f-98eb-49ca-a4ee-b75208c17a3a,2024,Laholms,32.8
840b11be-fb73-47d5-b527-362da351c530,2025,Rättviks,33.8
8423bcee-5852-4c9a-9b25-8abe42bccdef,2023,Hagfors,33.7
845d0d16-1c2d-4a02-b0b9-0036382c78a1,2025,Valdemarsviks,34.03
847d803d-94ba-4dfb-8d29-ee08529e5a31,2023,Heby,34.21
84bcc42c-c134-4817-a645-a2ba408208b7,2023,Burlövs,31.27
84c56261-9da0-4860-a29d-6dc77dcd228d,2025,Lidköpings,32.74
84f417b9-4b78-4263-825c-d74c1089cdc0,2025,Sundsvalls,33.88
85522edb-df63-4fe0-b971-0f55c0689572,2024,Vindelns,34.7
85889179-23da-47a9-b80c-bbb20a15e063,2025,Årjängs,34.25
859d54e3-b7ed-49bb-a76f-1b66bd120b91,2023,Övertorneå,33.09
85b99530-29e3-4577-9fa6-bdd5fd1fd783,2025,Håbo,33.3
862b4190-cc52-4a0e-ab80-cd33410acd1f,2023,Bromölla,33.74
86a6cf93-bed6-4c1d-a7e3-d740a967e12b,2023,Kalmar,33.67
86f504f2-0800-4408-b91f-6e95a9ebbebc,2025,Storfors,34.98
87111ceb-6ee2-4198-9271-6eda20f7b7d7,2025,Mullsjö,34.1
87b14a1f-bddf-4229-969c-26105125ae09,2023,Laxå,33.73
8881542f-52f9-4161-b632-511984284e9a,2025,Skinnskattebergs,33.34
88d1c23d-a952-47ed-ad21-4a75cd28905a,2025,Höörs,32.93
8979688b-79bb-4d26-9582-98b7e9674488,2025,Kramfors,34.43
89fc884c-1d0b-49b7-8351-e3ea6c00493c,2024,Skellefteå,33.95
8a195a8b-5354-4819-a21e-3210f6ad1b97,2024,Götene,33.6
8a806350-a1ca-4848-aa8c-d4de7fdb9a30,2023,Eksjö,34.02
8a849eb3-b76f-4846-8f33-e40b60030fa0,2025,Piteå,33.59
8ab5a143-1226-40c5-9c96-8542435df106,2025,Laxå,35.0
8b396a55-6980-4920-974c-71e632cb2923,2024,Vingåkers,33.5
8b429172-020c-444f-bd10-9eaba8bf8013,2023,Smedjebackens,34.09
8b8ddaec-b799-4d24-a18e-d7e4b3ec0196,2024,Nybro,34.19
8bdfee3e-98ff-4511-ab06-d62315b5a983,2024,Lomma,30.82
8bf5fbaa-2c2f-4e21-a80c-574d074cdf96,2023,Ragunda,34.92
8c610a60-33ec-4134-8fce-c224760741e4,2025,Vara,33.25
8c9abbaf-2a51-452b-9cdd-2dbdea7592af,2024,Luleå,33.84
8ca5ac2d-9f1c-48fd-b4e4-4ae17f47cffd,2023,Degerfors,34.55
8cbe628e-16c2-4be5-a8fd-2757a6083047,2023,Stenungsunds,33.12
8d321eb8-f9ee-44f3-983e-cfeb453025c0,2025,Östra Göinge,32.17
8d77c055-87ad-4fc8-9cfa-58eec9778e59,2024,Härnösands,34.63
8dda0f27-365e-48e8-af27-f3a9de12e842,2025,Helsingborgs,31.39
8e280464-5750-427f-90f8-0ac3825f97bd,2023,Vindelns,34.95
8e728797-4b2b-4d9a-ad2d-f7abb1de7971,2025,Flens,33.1
8eb3291f-e8b4-4d64-99bb-b7aa5cf74654,2025,Dals-Eds,34.69
8ee14e14-7d9c-44e9-ad1d-9ebe6ee486e7,2024,Stockholms,30.36
91068563-ef1d-4cb5-ae8e-4b889fcf207d,2025,Skellefteå,33.95
910c61da-a99f-436c-a463-7f85681c129e,2024,Hallsbergs,33.85
911de7e8-d3ef-4bcb-b418-2380d6535397,2025,Älvdalens,34.77
91386abb-f84e-4b2d-ba57-f127b509488d,2025,Vindelns,34.7
913e0bc6-0ea3-47b0-9148-d55d0d9e14ac,2025,Karlshamns,34.1
9140ac83-d4b2-4dce-8638-f0606eaf62a6,2024,Gällivare,33.89
914780d5-6ea3-4b34-a25c-3f00bfa24a88,2023,Trollhättans,33.84
921c803d-d8f5-4186-b99f-dece0bacd532,2024,Ockelbo,34.27
924bb6a1-ad4b-4d0a-b47e-919ce2096d03,2024,Dorotea,35.15
92904044-4dd3-436f-a65c-a0b9a15eb68f,2025,Nybro,34.19
92aeffae-544f-49ac-a461-ebd2b6611887,2025,Markaryds,33.31
92c0fcad-ded8-4f03-8e7d-101aa450988d,2023,Höganäs,30.91
93264c75-4c07-4a63-8637-a6e02a1f9217,2023,Nynäshamns,31.93
94849412-0768-4dbc-b873-f58d6ffe8d42,2025,Hagfors,34.3
94c5f90d-7361-4e81-bc9f-6f3ecd0c3dd6,2023,Uppsala,32.85
94e6b448-8004-44c3-ac5a-9e5d134c78cf,2024,Älvsbyns,33.79
95122b6b-972d-4eec-aec4-3dc6b7a32f23,2025,Falu,34.05
95878e04-b98c-4950-80b0-adf3f56517ff,2023,Timrå,34.48
962c61fa-ad95-4f9a-9aef-e982aa6d6241,2024,Österåkers,28.98
9697bf0f-691d-4c1b-9483-2a0f62da66df,2025,Lilla-Edets,33.85
97b29354-679e-46bc-8d26-71e0bb998b6b,2023,Piteå,33.59
97f204fb-988d-4798-bd06-877552962023,2024,Arboga,33.29
985ad840-a71f-4008-9ac8-50d5daf0f7fb,2024,Ydre,34.1
98cd8d39-bedd-4415-81e9-85190823ab44,2023,Upplands Väsby,31.5
994e3924-0593-4eae-b1f2-205ae03e8a41,2024,Sunne,33.3
99838a1e-2134-49a0-be16-e36d1c70c5f9,2024,Göteborgs,32.6
99ba3570-dd32-4ea8-ac76-b68786cf4ca1,2023,Gnesta,32.95
99edfd2d-92a7-449f-a95c-4114cb5f4a03,2025,Dorotea,35.15
9a155a0d-1f77-4764-a244-ece90e9d1bb4,2023,Salems,31.5
9a648274-18ff-4800-bbfd-29d1471e6ac6,2025,Värmdö,31.36
9a720409-121b-4c1c-99b2-6922c8795d90,2025,Sölvesborgs,33.86
9aabe9a2-6a22-4064-8366-ef44736e4067,2023,Klippans,31.93
9b81e172-5398-4ca2-90f3-d54af05928c6,2025,Simrishamns,31.69
9b9ef6c0-595c-47b5-8a3c-50925bb9a510,2024,Köpings,33.04
9bdcdae2-b34d-4e15-9168-42cf66e7736c,2025,Växjö,32.19
9c1d9844-e8da-4f9e-8337-8f6304422c02,2025,Älvkarleby,34.4
9c4e43ee-a6b5-4083-a211-64a47b54e895,2025,Fagersta,32.99
9c9c5c4e-9e3a-4936-905d-a5064cadebbf,2024,Uddevalla,33.64
9cbf6920-e3ec-4ddd-ad1b-0f717a88b222,2024,Sollefteå,34.68
9d0b075d-c23f-4351-8072-0fbd862c73c3,2024,Emmaboda,33.82
9d252df2-7469-4332-8888-3969ec72ddf1,2025,Oxelösunds,33.05
9dcfbb83-7b36-45f5-8181-809c07aa0b21,2023,Tierps,33.0
9e03b87e-1f53-4c63-9abd-674dc61ee0f7,2025,Säters,34.3
9e970135-139e-40f6-a2e8-a8a41c53718c,2024,Askersunds,34.15
9f13f237-f379-4c4e-aa60-443ee99f5893,2024,Norrtälje,32.1
9f79cd35-0de3-4638-ae50-c06c2539cecb,2023,Herrljunga,33.42
9fbbe50c-4a29-434e-89f9-540d74ee0002,2025,Nässjö,34.3
9fd275e2-750c-4637-8465-111b94f93398,2023,Krokoms,33.87
a0ad5467-b0da-4a12-a07c-3b789a7b00ae,2023,Flens,33.1
a0b5d4d1-ccfc-4583-bf4e-1ac775d05c0d,2024,Gävle,33.77
a0fabffb-d4a7-424f-8f2f-cf0d67214201,2025,Huddinge,31.85
a1178a44-e178-4eb5-abac-e915c9d86e35,2025,Ydre,34.1
a17b7a32-8bc4-4c13-8d83-f8b4ffd998c3,2025,Munkedals,34.86
a22c0e16-8472-4f53-b95b-17b02262d116,2023,Ånge,34.62
a2816e53-64ac-44bb-8139-5bc54d4943eb,2024,Varbergs,31.73
a29d1521-4cfc-433c-8abc-27e2e47d7e52,2024,Tyresö,31.88
a3451212-f78e-4655-ac37-8478ae11d90e,2025,Tidaholms,33.55
a35adae3-f6bb-4683-bc07-f98e5c0e170c,2025,Ödeshögs,33.95
a44de250-21c7-46e7-98a6-8d064aa6e5d2,2024,Ulricehamns,32.53
a4c40937-77de-4cfa-9c82-6432eb4c3607,2023,Båstads,31.41
a4ce5077-2ab5-40fc-b4fb-06e278b90306,2024,Älvdalens,34.42
a4e9f114-ae93-4ba5-9849-86424c0b5e12,2023,Uppvidinge,33.8
a58db080-4bd6-4aa5-829d-8a20919b834c,2025,Mörbylånga,34.07
a59deb7d-ce2e-4366-98bc-ff981f56a4d2,2024,Kumla,33.84
a620c31d-f1c2-42d9-9f2c-76f12c1e8c19,2023,Kungsbacka,32.73
a6366c54-ff11-4da4-9579-f81a6f99fc49,2024,Enköpings,33.05
a68d208c-c337-4559-97e0-76d8fd2a34c2,2025,Vansbro,34.28
a6b5cccb-d982-4067-829a-b08f1f31de5d,2025,Gullspångs,33.97
a6d1de3b-5f91-4394-b6d4-aef59dceadd0,2023,Leksands,33.45
a7439f12-452b-4a6d-992e-40d983f3f90c,2025,Oskarshamns,34.21
a74478a2-c37e-4368-9a71-c62be9100cd4,2024,Lilla-Edets,33.85
a74a640f-466b-44c5-95b0-4695e605aa55,2025,Svenljunga,33.53
a766bc44-79a7-4016-9009-107699f846bd,2025,Färgelanda,34.39
a7f02e73-d5a5-4a03-bf77-2d463f2c3e0e,2024,Bodens,33.94
a8380765-1889-4774-aedb-a715c538a6ab,2025,Strömstads,33.39
a8ab9b1c-0c57-4d61-8f60-f690c90a5365,2023,Mölndals,31.99
a9306e92-e71d-491e-b081-eda6be395bea,2023,Malå,34.7
a946a5e3-d3fb-4e9b-b6df-e2c2794ee4ae,2025,Halmstads,32.38
a9ba9203-8d18-4beb-b34f-503b85fa2212,2024,Grums,34.18
aa104e55-a7a3-460c-8d4a-bcb655f53dc4,2023,Eda,33.95
aa694f5f-adb9-4634-b425-aa7d9e818c14,2023,Linköpings,31.75
ab12b8c0-b17c-475c-9ab1-c7d0ebdd5aca,2023,Katrineholms,32.95
ab67243e-17a4-4c97-ba76-30acbdd80b8c,2024,Vårgårda,33.09
abf28d35-5d03-4f0d-b59a-23830719852e,2025,Ljusnarsbergs,33.8
abf4088b-0abd-4f11-84ca-11b95599a7e9,2023,Norsjö,34.7
abfd87fd-c5b0-4add-a77c-453eea05602b,2024,Falköpings,33.43
ac28d115-1d53-4ad4-a405-a9dcb0fe91fc,2025,Hjo,33.48
acb1e5c7-d2a7-4784-9a63-92de4baad238,2025,Olofströms,33.75
ad00f648-9ca8-40df-9f9e-347b28939daf,2023,Åstorps,31.47
ad06b354-069a-4e62-bfc5-201d8ad80d78,2025,Mölndals,31.99
ad07f62b-b33d-4e6f-9138-86159f502566,2024,Stenungsunds,33.12
ad32017d-e4d0-443e-86aa-7f43039905f0,2023,Strömstads,33.39
ad41a45a-d41a-4f99-b9a1-e47ddbd1364c,2025,Härryda,31.98
ada789b3-6c91-4967-9634-771f8d6835c1,2024,Uppvidinge,33.8
ae88f455-5ae9-433f-a7ea-a0e9817a0c70,2024,Landskrona,31.42
aebcccdb-eebf-49b4-ae93-42a3151f55ce,2023,Hallsbergs,33.1
aedc3a1c-db34-4a8e-bfb3-bae4d92b3c2d,2023,Härjedalens,34.17
b0744321-fb98-4010-9e8e-5e1f1b2c0e97,2024,Åstorps,31.47
b0ad2cb8-6fa0-49de-a47b-c9b73d8111f6,2024,Nyköpings,32.25
b0b53ece-fb9d-4a08-bbe3-03ac6ea8374e,2025,Ovanåkers,33.37
b10d3c6e-6028-4e10-9eba-3708eb30b3dd,2025,Borgholms,33.44
b1e810de-ee87-4979-afd6-a46a92686b77,2023,Sandvikens,33.12
b1ee0a7e-0f90-4985-b726-4dab068799aa,2024,Färgelanda,34.39
b1fc66b6-c930-4237-9946-64546389fb7b,2024,Öckerö,33.04
b2c9783b-cf5a-42b8-9d28-1c73bf9630a6,2024,Tanums,33.04
b2d8c018-cc67-46ba-98c5-06f94a22015f,2024,Höganäs,30.91
b2dddbe8-785e-47ff-8422-f8151350cba9,2024,Ödeshögs,34.15
b2e3ee3e-0d0a-45d6-b494-f7df1dc349fe,2023,Gävle,33.77
b448923f-ff51-4a6c-9586-550db5903b73,2024,Åtvidabergs,33.94
b5507a3a-5a65-4f8f-86cd-24f392bf60ed,2025,Hylte,33.85
b55740c2-1bfd-461f-83a4-49af8c7f4dc3,2023,Kristinehamns,33.65
b58d9ccd-0ab9-462c-b32e-c4a689bd320c,2023,Valdemarsviks,34.03
b6205034-9cbb-4514-a64b-e7ff21b129eb,2024,Essunga,33.05
b677dd42-f031-4d96-8b9f-76ee287f3c91,2025,Malung-Sälens,34.55
b690039c-3a3d-4ecd-8e92-09ed4c088704,2023,Lidingö,29.92
b69b1ebc-e132-4d93-9a43-d19a8c268aab,2023,Trelleborgs,31.58
b6a7136e-3e34-4f8e-93cf-3975085c02ff,2025,Boxholms,33.37
b6da299e-3185-4edd-be5e-e631b94a11c8,2023,Borås,32.79
b74b2bbe-4df1-40cb-aa55-1cab6966fef5,2025,Nacka,30.26
b8057993-0f21-4757-b2c6-96bc6da1d5db,2025,Sjöbo,32.1
b80eb0f5-f81e-4968-81dd-c2611d23e249,2025,Norrtälje,32.1
b855a44c-aa49-488e-a65e-302f2a70547a,2025,Täby,29.93
b85b7a5e-fb2f-42a6-aea8-5cc2a8c1b410,2023,Ljusnarsbergs,33.05
b8c90758-da19-47a8-a08a-9bf877a476ed,2024,Aneby,33.85
b8fd50f3-4cf4-446d-b216-0f751d91e62e,2024,Marks,32.99
b92eaa9e-a9cd-4e14-89a4-2179cf94d9b5,2024,Vansbro,33.93
b947e169-6fdc-45f9-8697-c19b627ff240,2024,Arvidsjaurs,34.14
b972c89f-a628-4a38-8707-3c2abb41f466,2025,Sävsjö,33.68
b99a9784-f8e9-4a2d-8163-9e8935b0d1f7,2025,Vilhelmina,35.0
ba22b77e-7335-490f-b277-33d4496b56b7,2023,Malmö,32.42
ba768fa9-567d-4b1c-b7ef-ec5d9d924b8d,2025,Hällefors,34.35
ba9888b6-6957-4f35-b354-ac5d950abe10,2025,Mönsterås,34.07
badcb5b7-8c37-4132-8d40-c4672a5488b7,2024,Hylte,33.85
bb7193ee-0e27-46ea-8449-4b384419757a,2024,Oxelösunds,33.05
bbab86fa-25c1-4945-bc28-117573123f50,2025,Tyresö,31.88
bc144437-64e1-4090-9dc5-9bd22edb8a17,2023,Nykvarns,32.05
bc85441b-b150-494b-aeb6-6a51ae88b35e,2023,Vännäs,34.7
bc886bd2-32d8-487a-b40d-951a71293b01,2025,Gävle,33.77
bcbbdf34-e464-4a03-8f19-93c92902a558,2024,Kalmar,33.67
bce09cbe-1d79-4e7e-8c4d-7cc4806b8721,2025,Sollefteå,34.68
bd05cdf7-c51b-4d0a-96b2-22cfc35acaa9,2023,Habo,33.93
bd093c23-3a28-4bf7-b733-6bc69f544bdd,2024,Söderhamns,33.17
bd9dc69f-9f93-4d22-b346-b4daa5a29f50,2023,Älvsbyns,33.79
bda6f3b8-dcca-4508-ae1b-daff6638a9fb,2024,Värmdö,31.36
bdb98222-bb01-4942-927a-fc19eec8dcd9,2025,Orsa,34.3
bf5c795c-732c-4a04-b78c-6756eac6ca8b,2024,Upplands-Bro,31.78
bf662d43-4dd7-4fa2-a492-202552aec891,2025,Ängelholms,31.47
bf67f7b0-5257-40a0-a61d-bad43bc6fe5b,2025,Töreboda,33.2
bf6c5716-b39a-4d37-bead-e566cc1dbfce,2025,Hultsfreds,33.77
bf946568-7b42-44eb-8609-dfee00147c25,2024,Huddinge,31.85
bfb4a2d1-7b59-451e-99c3-bffc2b06d855,2025,Ale,32.85
c0746a05-068d-4c2d-bc8d-7e98da67bacd,2023,Bräcke,35.09
c135c88c-6c69-45db-8eed-f9cd1cef2c93,2025,Emmaboda,33.82
c2138127-122f-4975-a0c8-4b4f4a04d41d,2025,Överkalix,34.14
c38f61ef-ad4d-4d5a-b816-0616782372c0,2024,Kristianstads,32.64
c3df4787-cf92-4c41-9208-6380624b499d,2025,Bjurholms,34.5
c40ff553-16e4-4463-825c-12abcedaa5b7,2023,Östersunds,33.72
c4650ec9-9ef8-44b6-a682-38a128217147,2025,Övertorneå,33.84
c492a270-d546-4945-8409-320673163abb,2024,Norrköpings,33.3
c4e01b2a-2bde-4a78-bd29-a92d4833c5f2,2025,Strängnäs,32.5
c5588611-a6fa-4bac-820f-7380a7608bbe,2025,Borås,32.79
c5f5ca22-1e4c-427d-9914-bf24b2294cd7,2023,Haninge,31.76
c5f99ad3-d2b0-4754-be47-22a3ce669f4d,2023,Norrtälje,31.8
c60338d0-8694-49fd-9e71-bfb41ded26e3,2024,Svedala,31.42
c69e9e04-cedb-4e70-93e1-1c238f9f9aab,2025,Sollentuna,30.5
c79d3cf5-acba-4cf7-92ad-b02686f09e7b,2023,Alvesta,33.42
c7b2a8c0-cbe4-4c79-acfb-8c65b05a9a27,2024,Jönköpings,33.4
c7dc51d4-48d1-4716-8b88-891e4b7299dc,2025,Sotenäs,33.47
c8263f73-26d6-466f-ac41-389540fcc89c,2025,Osby,33.99
c8384d58-14e3-4546-8923-281f8ba3a2ba,2023,Filipstads,33.95
c8c22e97-d23e-427f-b0ed-730432553f8b,2025,Båstads,31.41
c949964a-7562-4ac8-af25-026dae57c9e7,2025,Marks,32.99
c95633ca-56c6-4376-a17b-42299b900338,2024,Fagersta,32.99
c9edf071-8639-4563-9fc3-783dd7054b9d,2023,Munkedals,34.86
cafe63d3-d880-4c1a-a373-b406741a0df1,2023,Svalövs,31.92
cb2db731-03b5-4afb-91a9-8bbb7a6a40bb,2023,Karlskoga,33.55
cb51cf93-0d62-4cfb-999d-c44505c91567,2024,Sandvikens,33.12
cba1f87b-36d3-4f54-bf40-2713e5420d44,2024,Överkalix,34.14
cbc3ed68-9f18-4faa-be15-c080e09c3224,2024,Gislaveds,33.75
cbe10279-12d5-47c8-8217-d2b860c5c507,2025,Tanums,33.04
cbf0fcf3-1d35-4f00-bcc9-4c5695dbc576,2025,Ystad,31.29
cc2002ae-f666-40e4-b3e9-7fd7ee56e09e,2024,Sundbybergs,31.63
cc2a97c5-6d93-42db-874b-eeb2a7055b50,2025,Sigtuna,32.08
cc5895f2-f650-4269-b067-4379a9ff3a33,2023,Nordanstigs,34.02
ccbdb4e9-017d-4e2c-ae89-774d0068e236,2023,Borgholms,33.44
ccc0cee5-f843-4b94-8021-2a3a8018c31c,2024,Hedemora,33.8
cdaa7b92-aef3-4cee-ac03-22f089c9becf,2024,Örnsköldsviks,34.0
cdb4ac03-bb01-4274-b94d-3044359a9da2,2023,Avesta,33.6
ce2269d4-eb9d-43ee-8316-ddee11a37bf0,2024,Mölndals,31.99
ce26ebff-5620-4c68-aee1-6255f43d4380,2023,Helsingborgs,31.39
cf02f8bb-36c7-4191-961b-cae6b089a170,2024,Solna,29.75
cf0e3339-39a4-470b-b6ba-36abd4b1bf5c,2025,Laholms,32.8
cf161cfe-dce8-4ce6-a2c3-1c21bb53f2f0,2024,Helsingborgs,31.39
cf1645f2-d0ba-4d89-b3d3-1b842d1d4af1,2023,Ale,33.35
cf3824a7-f9e6-4039-8619-a2b5611e34a3,2025,Avesta,33.95
cfa40960-8294-4da0-b8c3-9fbb05cbdf63,2024,Vellinge,29.68
d04ade51-ede9-4841-a451-e914ee7d7372,2023,Sundsvalls,33.88
d077d053-7ef7-4b12-813d-dd5104d023e6,2024,Hallstahammars,32.69
d095b235-cb57-4b5d-9fa2-eae7b2459d06,2024,Nordanstigs,34.02
d0a1e911-2d74-4e30-8b54-287b6314d618,2023,Lomma,30.82
d1979299-58fc-4606-8010-caba96c3e8fc,2023,Alingsås,32.84
d19fc618-95bb-4c65-a42a-42675fbb9220,2024,Hällefors,34.35
d1e224a5-0d99-4bc5-a637-d6b451841f74,2025,Karlskrona,33.69
d26ce135-11b5-4378-8a92-8bf0da0bd517,2025,Karlstads,33.55
d2771d1d-384d-42e5-9c76-de0bb369bdbe,2023,Torsby,33.7
d28ad2a5-3ec4-4ba7-a337-78e2e44aea46,2023,Mjölby,33.45
d3656bbb-9899-48e6-85ed-1410da942628,2023,Grums,34.18
d394592d-e19e-46cf-9be6-7ca7201a8e87,2024,Knivsta,32.62
d3989970-134e-4f36-bb34-802cb4e067c5,2024,Perstorps,31.99
d41e9e8a-1989-4a4b-9c16-d8d5cb991ac4,2024,Eda,33.95
d4312da7-150a-4bdd-a881-204b0c8f8a3c,2024,Kalix,33.89
d434370b-82b6-4496-b6ad-5880bc9da2b0,2025,Vetlanda,33.77
d46e6281-2eb2-4042-bb73-c60580e4cf25,2025,Lekebergs,34.73
d4797c42-5072-4df5-875a-c4412fbff490,2023,Hedemora,33.8
d4ace2ba-2473-45a9-a028-cf0bfc48df46,2025,Kalix,33.89
d4b75710-90da-4e15-baa2-50b70b85b6cb,2024,Trosa,32.23
d4fc8f1b-64e2-439a-b598-ec12647a530d,2024,Eskilstuna,32.85
d563333e-a031-4f25-a267-a2c66d163894,2024,Värnamo,33.28
d5dce320-bf4a-4820-b2b9-f9c144c0462e,2023,Storumans,34.45
d5ef9a69-d786-45a4-9764-5aeb0bd46f08,2023,Lidköpings,32.74
d6418bae-112e-454d-b047-d61b215ecdd3,2024,Leksands,33.45
d6bac1fd-eac8-4072-9740-f1a29158ea7a,2024,Tidaholms,33.55
d6c07891-21c3-43c9-b06d-79a07dbc1325,2024,Lerums,32.13
d72b46d6-ca7a-4ce0-a886-74bea9dbcf9f,2023,Simrishamns,31.69
d72e8fd5-4c04-49c9-80d6-7e3986c065ef,2025,Eslövs,31.72
d76a9e3d-061a-43fb-94e3-929d43d4e327,2023,Markaryds,33.31
d7c44504-b402-4e40-a8cc-4794da1113a7,2023,Falu,33.7
d7d895aa-b9a4-4cc0-a4ed-919902afef3a,2023,Ydre,34.1
d7fe794f-d216-487b-beac-46d417f157d8,2025,Krokoms,33.87
d858ebb8-7d2a-4143-81b2-c4460398a9bf,2024,Alvesta,33.42
d8a1f165-721a-422b-86a8-4fd2100ec633,2023,Åmåls,33.94
d919d9f9-54a7-43c4-a67a-1414c4b40530,2024,Östra Göinge,32.17
d9531a6e-c5b8-4f69-a90d-7284ff5146d9,2025,Hallstahammars,32.69
d9a4f5b7-d3af-42ba-b8fb-a1de71e5eae8,2023,Dals-Eds,34.69
d9e8ad84-9835-454e-b603-d995a044b15f,2024,Ronneby,33.68
da57129c-9f5d-4872-a274-0ef6b606a169,2023,Pajala,34.74
da8f69c1-5bde-4cb5-b122-536217375e37,2025,Torsby,34.3
db8b673d-0f90-4b69-a366-965202907f47,2023,Sjöbo,32.1
db8f1f18-88f6-41b7-bd78-15b46553f332,2025,Örnsköldsviks,34.0
dbb89cfb-d643-4c13-a56d-69c58229156b,2023,Svenljunga,33.53
dc21e96b-8c41-4298-843b-abfac7b6f5fe,2024,Umeå,34.15
dc4d13d3-5f37-4032-ad40-965d7c6a1de1,2023,Hofors,34.37
dc5915de-a305-4ec4-9686-997e98774cd1,2025,Degerfors,35.3
dc954383-5ab7-4170-b3b9-e3c67ebbcfc5,2023,Emmaboda,33.82
dc9cc620-c7a1-4d3d-94bc-e0827cf87663,2024,Vallentuna,31.28
dca1e923-eb28-402b-b688-4fdf2a9fbee5,2023,Luleå,33.84
dcf32955-1ecb-4c94-9ee0-e80328c104fc,2023,Älvdalens,34.42
dd8a7e95-e8ab-4905-acb5-83c02d661b01,2024,Åmåls,33.94
ddb4a054-9f23-4c6a-8a0c-94fe537cab4b,2023,Perstorps,31.99
ddf8f4a6-52ef-45c9-a855-08d76ffcd7b0,2023,Åtvidabergs,33.94
de865628-90ca-4c1b-b09a-8ce33dfad49e,2024,Tingsryds,34.0
de9db0eb-0ba9-4493-8f9b-a067760d1af9,2023,Malung-Sälens,34.2
dee72c64-58ec-42e0-9550-1e95d81e86b7,2023,Vansbro,33.93
df3cdd7d-0a63-4f4e-b719-7141178ba960,2024,Torsby,33.7
dfde4e6b-8f88-4ecb-b1e7-fdf75e6fd22f,2024,Avesta,33.6
dfe93113-c9d0-4a39-92cb-e0b4eca3c771,2024,Vaggeryds,33.25
e0288420-758e-423e-8710-4a091aacdc6e,2023,Vallentuna,30.98
e028e1f1-21d6-4bd8-83f7-a9ba5a7f6dc7,2025,Uddevalla,33.64
e07582aa-d565-4a32-906d-fb97e6f1c018,2024,Tjörns,33.19
e0773b04-7e2e-4386-a7e0-918ffcbb7c58,2025,Vaxholms,31.68
e0f60d1c-8289-4086-a88b-17b62b233fd8,2024,Laxå,34.48
e11b40ed-9bdc-4ebb-858a-88f98ed93925,2024,Karlstads,32.95
e11e8805-e831-42eb-81c1-601eb0cb833d,2025,Tranemo,32.98
e168a3ea-f49a-4f55-885f-d3b271fc058f,2023,Vingåkers,33.5
e1a85373-1da6-4c87-90dc-bfaa35ff180e,2023,Kramfors,34.43
e2522eb8-34b7-4e9c-ac4c-9b1a46faadad,2025,Filipstads,34.55
e265521e-00ad-40d4-8c77-3fe08274c494,2024,Svenljunga,33.53
e2809f2d-c78c-44f5-b7da-a0127c7bf1b2,2025,Vellinge,29.68
e2a1f93d-082a-42bb-bd96-202d51b14eba,2023,Sigtuna,32.08
e2bf5009-bb5d-4c40-84f5-255ff2cd17fe,2023,Älvkarleby,34.4
e2e976ed-c1e8-41de-b55b-1e53156b1e98,2024,Lunds,32.42
e2ee94b7-bd9d-4075-9a13-d3aa151135f3,2024,Habo,33.93
e3081f84-1971-47aa-8f00-bb57f12918b4,2023,Dorotea,35.15
e36b29ac-72d1-43a9-b5c4-cb7f1b19f24d,2025,Sunne,33.9
e3a7f88c-f394-41b2-bf9b-cac65d85e8ef,2023,Vetlanda,33.77
e3b1db7b-56ac-45a9-975c-1f5a48cdd50e,2025,Södertälje,32.53
e4b2ef76-21a8-4ca5-a8ff-4e2a5a708cc4,2023,Strömsunds,34.92
e5121d1a-5604-4321-8e0d-23d7e9e77d7e,2023,Ekerö,31.03
e52cfcaa-653f-4c6a-8b8e-a849c34e7e05,2025,Nordmalings,34.6
e59f66f9-a236-485a-a3bf-228b532b74c4,2025,Upplands-Bro,31.78
e6062bd1-0729-49d6-87a9-4b55531b3a8b,2025,Sandvikens,33.12
e68c41fc-148c-4a52-a8b1-853278c0f3da,2023,Ängelholms,31.47
e6a700d4-9ce1-4f47-872d-a7afe5972a26,2025,Jönköpings,33.4
e6cbe86c-966a-400f-81d6-83fce9b49ab8,2025,Lidingö,29.72
e7110baa-58c9-4c02-9fb2-bbf7c1622f7f,2023,Gotlands,33.6
e719df09-763c-4aa9-a5f3-4433668fac6a,2023,Hässleholms,32.38
e72124b9-afee-4f90-b939-2e69b8bd7d91,2023,Fagersta,32.99
e741b3de-4827-423e-8ba9-1676d150ed14,2025,Vingåkers,33.5
e767cb08-966f-4184-a37b-307d8c945992,2023,Bodens,33.94
e779e586-c949-4f41-b227-07e2dfbc2995,2025,Gnesta,32.95
e8040e89-af00-4938-b116-d5eaa0949906,2025,Lunds,32.42
e866a02b-fdfc-42ea-93bc-626ed8882697,2025,Karlsborgs,32.8
e88f5492-892d-40a8-bbef-5678f54a38fa,2024,Sotenäs,33.47
e9610e51-3b4d-4ed8-b883-1cb4e0f0ad89,2024,Bräcke,35.09
e99d2b92-5323-4ff1-9639-944cb3082302,2024,Hagfors,33.7
ea08b25f-fd0f-4dc8-be43-daffd0d82702,2024,Hofors,34.37
ea0d1dec-208a-48fb-8e1b-73423788f16e,2023,Ludvika,33.7
ea33230d-a877-45d9-ba2f-e643c6966494,2025,Salems,32.05
eb45820e-3028-4ad9-937a-05f1feabf1db,2025,Älmhults,33.86
eb535cd7-dc1b-448d-9d73-5e7a777d1a1c,2025,Trollhättans,33.84
eb64c0b3-4a4e-4cf1-843a-75c8a45283f0,2024,Mönsterås,34.07
eb88ad38-d61f-4407-8b5a-cbcd2c8f7cd5,2023,Tomelilla,31.79
ec068d75-aeb7-432f-8921-0b587d6ba302,2025,Askersunds,34.15
ec686c64-b66f-42c6-89d7-049381f97b5f,2023,Arvika,33.43
ec6e5c9e-4d59-422e-885a-85c5349eb0bb,2024,Haninge,32.06
ed214cac-1b37-4db5-8246-41bb98b589d2,2023,Lekebergs,33.98
edd670dd-a1c5-4767-8624-462cf7de7b0b,2023,Eslövs,31.72
ee6bf81c-8255-4392-80d8-933d299fc0b8,2024,Älmhults,33.86
ee8034d1-7394-455c-9ff5-84340e08226e,2024,Smedjebackens,34.09
eecd8f0a-df08-42bc-a858-d88ea9d9ff34,2023,Trosa,32.33
eee2f7c9-448f-4dc4-a27a-dd9398ec555c,2023,Sala,33.19
ef0f015b-fd39-460f-ac4e-290f95c9f3c6,2024,Forshaga,34.03
ef5b5b34-20b1-47f8-9b02-b978d85b23ac,2025,Perstorps,31.99
ef6deecd-227f-45b2-8af0-8afe40236333,2025,Falköpings,33.43
efb72509-0d25-451b-9325-88e156b06847,2023,Karlsborgs,32.8
efc5fb7b-eb05-420a-9c1b-ae28af2c4bc7,2025,Åre,33.92
f00462ff-8a07-49f0-b174-ed11232e7089,2025,Arjeplogs,34.84
f03d6e3c-0afd-4430-9ba5-ab58b9f5f4a8,2025,Kävlinge,29.69
f191621d-d152-4992-8d73-6edcb515f3e4,2025,Vadstena,34.35
f1b7d581-cc02-4612-a9df-2d2b4efc2bcc,2023,Varbergs,31.73
f2050e08-dc63-4373-85e7-aa22031440dc,2025,Västerås,31.24
f24244a3-7eb2-4cff-8147-142084338dde,2025,Söderköpings,33.53
f282fbeb-9b1d-4f5d-b614-4f8d894a851d,2025,Klippans,31.93
f2e5d45c-5c14-4bfa-abb2-27f2f668bedf,2023,Tjörns,33.19
f37c47bb-5b4f-4d47-823a-ea533de3d5ac,2024,Upplands Väsby,31.8
f3c69d12-6603-4e14-8e76-383ea94227ad,2024,Ludvika,33.7
f409cb05-6a93-4a8c-be27-e3f016e234c0,2023,Mörbylånga,34.07
f4661961-e8ab-4368-82b6-26f256c37d50,2023,Arboga,33.29
f556542c-362c-4b3a-a674-90d0673e56fe,2023,Solna,29.45
f55fb524-c8dc-42bb-bcca-5374079353f0,2023,Järfälla,31.07
f575af5c-4a6d-4671-8dfb-a2a4550c341d,2023,Töreboda,33.2
f5a8dcc2-b60f-4e59-a1e1-0456a89ee1d8,2025,Hässleholms,32.38
f5de9576-53d4-4425-97f1-252354120c48,2025,Nyköpings,32.25
f609074b-904e-4af8-b97c-ceb79a990c14,2023,Värmdö,31.06
f627123e-c081-446f-a314-e8ac60c9015c,2024,Västerås,31.24
f62f1f55-9446-4a35-b6bd-90b2299af69f,2025,Arvidsjaurs,34.14
f63bd72b-af8f-43bd-aecf-226513c21aa7,2023,Hällefors,33.6
f6523414-e310-4fc6-b5cd-5c2aab3763dd,2024,Töreboda,33.2
f6b5b6c2-c8b4-4ac9-8be6-78534f14dc17,2023,Huddinge,31.55
f7d47e5e-3eed-4f81-99f5-da19bf2d8567,2025,Upplands Väsby,31.8
f8034505-fdfc-4cdb-ab2d-cda06a045185,2024,Bergs,34.22
f86b46ca-b9c5-4cc0-b960-b62a14078c7a,2025,Smedjebackens,34.44
f9428ee5-3f6d-4215-af87-511dd152271c,2025,Åstorps,31.47
f974ff10-061d-4f74-9d89-e66dc7c39610,2024,Vara,33.85
f9873bbe-efb5-4233-b602-f1688d91c53e,2024,Vimmerby,34.22
fa2b1864-ce1e-4c1f-8140-a8267a2f51fa,2023,Bjuvs,32.17
fa5daac0-be0f-4ac7-9206-9f65737d0e59,2025,Bollebygds,33.07
fa61ca2a-52c7-4188-a38e-a444cdca9d7a,2025,Ånge,34.62
fad937af-82e0-4efb-9fdf-e71267342320,2023,Skurups,31.6
fb793c47-2fc4-4954-a892-5393ef667d34,2024,Osby,33.99
fb882ed0-e1f4-4d70-b9c8-5f4fb3e4bd90,2023,Oxelösunds,33.05
fc8bedd3-deea-4e51-b410-16708c0b691d,2024,Södertälje,32.53
fc93f849-1007-4950-8968-36f4abb3b68f,2025,Järfälla,31.62
fc94d06e-6ede-4cb8-8cd9-6a131293fc03,2023,Vänersborgs,33.69
fcf5c701-5f10-4592-b10c-6291871bd6dd,2023,Lindesbergs,33.85
fd6e1442-5b22-4aa4-a06e-c6e9c3eeabfd,2024,Arjeplogs,34.84
fd9b94c5-db0c-4d88-96f1-37d60b3369b3,2025,Hörby,32.26
fdf0e147-b3c9-431f-92f3-6bf669bcf3d1,2023,Södertälje,32.23
fdf2c8ba-0efa-4731-a7ae-6d1de6ca6a92,2025,Högsby,34.07
fe60668b-538e-409e-ac3d-0d80e1c67bf3,2024,Filipstads,33.95
fe64c00b-94aa-43d0-91e8-afd60cda9aa9,2024,Bollebygds,33.07
fef1ecaf-7896-4ad1-9bfb-92f47688689d,2025,Haninge,31.83
ff2a7b7e-f591-412d-9d6b-f1a3260fe0ee,2024,Kungsbacka,32.73
ff6ccf01-d7ce-4499-8c4f-ea3ecc7bc885,2024,Nässjö,34.3
ffddb52e-4ee6-4a2b-9238-9551584304b2,2024,Oskarshamns,34.21
